{"cameraMode":{"drawMode":0,"name":"Shaded","section":"Shading Mode"},"sceneLighting":false,"audioPlay":false,"sceneViewState":{"showFog":true,"showMaterialUpdate":false,"showSkybox":false,"showFlares":true,"showImageEffects":true,"showParticleSystems":true},"in2DMode":false,"pivot":{"x":-0.39107656478881838,"y":0.6473031640052795,"z":5.26003360748291},"rotation":{"x":-0.17501839995384217,"y":0.6582022309303284,"z":-0.16128911077976228,"w":-0.7142301201820374},"size":0.19848684966564179,"orthographic":false}