{"cameraMode":{"drawMode":0,"name":"Shaded","section":"Shading Mode"},"sceneLighting":false,"audioPlay":false,"sceneViewState":{"showFog":true,"showMaterialUpdate":false,"showSkybox":false,"showFlares":true,"showImageEffects":true,"showParticleSystems":true},"in2DMode":false,"pivot":{"x":0.49069198966026308,"y":3.6575868129730226,"z":2.838834762573242},"rotation":{"x":-0.1287068873643875,"y":0.5027868747711182,"z":-0.07596579939126969,"w":-0.8514311909675598},"size":0.9447442889213562,"orthographic":false}